"PID","ID_0","ISO","NAME_0","ID_1","NAME_1","ID_2","NAME_2","NL_NAME_2","VARNAME_2","TYPE_2","ENGTYPE_2"
41467,249,"WLF","Wallis and Futuna",1,"Alo",1,"Alo","","","District","District"
41468,249,"WLF","Wallis and Futuna",2,"Singave",2,"Alo","","","District","District"
41469,249,"WLF","Wallis and Futuna",2,"Singave",3,"Sigave","","Singave","District","District"
41470,249,"WLF","Wallis and Futuna",3,"Uvéa",4,"Hahake","","","District","District"
41471,249,"WLF","Wallis and Futuna",3,"Uvéa",5,"Hihifo","","","District","District"
41472,249,"WLF","Wallis and Futuna",3,"Uvéa",6,"Mua","","","District","District"
