"PID","ID_0","ISO","NAME_0","ID_1","NAME_1","ID_2","NAME_2","NL_NAME_2","VARNAME_2","TYPE_2","ENGTYPE_2"
24815,159,"NCL","New Caledonia",1,"Îles Loyauté",1,"Lifou","",""," ","Commune"
24816,159,"NCL","New Caledonia",1,"Îles Loyauté",2,"Maré","",""," ","Commune"
24817,159,"NCL","New Caledonia",1,"Îles Loyauté",3,"Ouvéa","",""," ","Commune"
24818,159,"NCL","New Caledonia",2,"Nord",4,"Bélep","","Belep"," ","Commune"
24819,159,"NCL","New Caledonia",2,"Nord",5,"Canala","",""," ","Commune"
24820,159,"NCL","New Caledonia",2,"Nord",6,"Hienghène","",""," ","Commune"
24821,159,"NCL","New Caledonia",2,"Nord",7,"Houaïlou","",""," ","Commune"
24822,159,"NCL","New Caledonia",2,"Nord",8,"Kaala-Gomen","",""," ","Commune"
24823,159,"NCL","New Caledonia",2,"Nord",9,"Koné","",""," ","Commune"
24824,159,"NCL","New Caledonia",2,"Nord",10,"Kouaoua","",""," ","Commune"
24825,159,"NCL","New Caledonia",2,"Nord",11,"Koumac","",""," ","Commune"
24826,159,"NCL","New Caledonia",2,"Nord",12,"Ouégoa","",""," ","Commune"
24827,159,"NCL","New Caledonia",2,"Nord",13,"Poindimié","",""," ","Commune"
24828,159,"NCL","New Caledonia",2,"Nord",14,"Ponérihouen","",""," ","Commune"
24829,159,"NCL","New Caledonia",2,"Nord",15,"Pouébo","","Oubatche"," ","Commune"
24830,159,"NCL","New Caledonia",2,"Nord",16,"Pouembout","",""," ","Commune"
24831,159,"NCL","New Caledonia",2,"Nord",17,"Poum","",""," ","Commune"
24832,159,"NCL","New Caledonia",2,"Nord",18,"Poya (north part)","",""," ","Commune"
24833,159,"NCL","New Caledonia",2,"Nord",19,"Touho","",""," ","Commune"
24834,159,"NCL","New Caledonia",2,"Nord",20,"Unkknown","",""," ","Commune"
24835,159,"NCL","New Caledonia",2,"Nord",21,"Voh","",""," ","Commune"
24836,159,"NCL","New Caledonia",3,"Sud",22,"Boulouparis","","Bouloupari"," ","Commune"
24837,159,"NCL","New Caledonia",3,"Sud",23,"Bourail","",""," ","Commune"
24838,159,"NCL","New Caledonia",3,"Sud",24,"Dumbéa","",""," ","Commune"
24839,159,"NCL","New Caledonia",3,"Sud",25,"Farino","",""," ","Commune"
24840,159,"NCL","New Caledonia",3,"Sud",26,"l'Île des Pins","","L'Île-des-Pins"," ","Commune"
24841,159,"NCL","New Caledonia",3,"Sud",27,"La Foa","",""," ","Commune"
24842,159,"NCL","New Caledonia",3,"Sud",28,"Moindou","",""," ","Commune"
24843,159,"NCL","New Caledonia",3,"Sud",29,"Mont-Dore","","Le Mont-Dore"," ","Commune"
24844,159,"NCL","New Caledonia",3,"Sud",30,"Nouméa","",""," ","Commune"
24845,159,"NCL","New Caledonia",3,"Sud",31,"Païta","",""," ","Commune"
24846,159,"NCL","New Caledonia",3,"Sud",32,"Poya (south part)","",""," ","Commune"
24847,159,"NCL","New Caledonia",3,"Sud",33,"Sarraméa","",""," ","Commune"
24848,159,"NCL","New Caledonia",3,"Sud",34,"Thio","",""," ","Commune"
24849,159,"NCL","New Caledonia",3,"Sud",35,"Yaté","",""," ","Commune"
